<?xml version="1.0" encoding="utf-8"?>
<extension type="module" version="3.1.0" client="site" method="upgrade">
    <name>Campos</name>
    <author>Francisco J. Herrera</author>
    <version>1.0.0</version>
    <description>Listado</description>
    <files>
        <filename>mod_campos.xml</filename>
        <filename module="mod_campos">mod_campos.php</filename>
        <filename>index.html</filename>
        <filename>helper.php</filename>
        <filename>tmpl/default.php</filename>
	<folder>sql</folder>
    </files>
    <config>
    </config>
    <install>
     <sql>
         <file driver="mysql" charset="utf8">sql/mysql/install.mysql.utf8.sql</file>
         <file driver="sqlazure" charset="utf8">sql/sqlazure/install.sqlazure.utf8.sql</file>
     </sql>
    </install>
    
    <uninstall>
	 <sql>
	     <file driver="mysql" charset="utf8">sql/mysql/uninstall.mysql.utf8.sql</file>
	     <file driver="sqlazure" charset="utf8">sql/sqlazure/uninstall.sqlazure.utf8.sql</file>
	 </sql>
    </uninstall>
     
    <update> 
	<schemas>
	    <schemapath type="mysql">sql/mysql/updates</schemapath> 
	    <schemapath type="sqlazure">sql/sqlazure/updates</schemapath> 
	</schemas> 
    </update>
    
</extension>

